{
  "run_condition": {
    "mock_mode": false,
    "port": "COM1",
    "channels": 5,
    "ratios": [
      20.0,
      40.0,
      60.0,
      80.0,
      100.0
    ],
    "sample_period_s": 0.032,
    "render_fps_cap": 60,
    "duration_s": 30.5,
    "diag_mode": "normal"
  },
  "metrics": {
    "avg_fps": 58.82443929710371,
    "low_1pct_fps": 40.23472514090464,
    "drop_pct": 28.704720087815588,
    "drop_below_40fps_pct": 0.38419319429198684,
    "drop_below_30fps_pct": 0.0,
    "drop_below_40fps_threshold_ms": 25.0,
    "drop_below_30fps_threshold_ms": 33.333333333333336,
    "drop_threshold_ms": 17.5,
    "p999_ms": 27.23210002295673,
    "p9999_ms": 31.72580001410097,
    "worst_ms": 31.72580001410097,
    "frame_samples": 1822
  },
  "render_metrics": {
    "avg_fps": 58.82443929710371,
    "low_1pct_fps": 40.23472514090464,
    "drop_pct": 28.704720087815588,
    "drop_below_40fps_pct": 0.38419319429198684,
    "drop_below_30fps_pct": 0.0,
    "drop_below_40fps_threshold_ms": 25.0,
    "drop_below_30fps_threshold_ms": 33.333333333333336,
    "drop_threshold_ms": 17.5,
    "p999_ms": 27.23210002295673,
    "p9999_ms": 31.72580001410097,
    "worst_ms": 31.72580001410097,
    "frame_samples": 1822
  },
  "data_frame_metrics": {
    "avg_fps": 29.73475400339506,
    "low_1pct_fps": 17.68988812458467,
    "drop_pct": 77.93478260869566,
    "drop_below_40fps_pct": 83.91304347826087,
    "drop_below_30fps_pct": 68.69565217391305,
    "drop_below_40fps_threshold_ms": 25.0,
    "drop_below_30fps_threshold_ms": 33.333333333333336,
    "drop_threshold_ms": 32.5,
    "p999_ms": 68.70469998102635,
    "p9999_ms": 68.70469998102635,
    "worst_ms": 68.70469998102635,
    "frame_samples": 920
  },
  "setdata_counts": {
    "tx": [
      461,
      461,
      461,
      461,
      461,
      0
    ],
    "rx": [
      921,
      921,
      921,
      921,
      921,
      0
    ],
    "valve": [
      771,
      771,
      771,
      771,
      771,
      0
    ]
  },
  "channel_sync_skew": {
    "tx": 0,
    "rx": 0,
    "valve": 0
  },
  "load_shed_counters": {
    "tx_deferred": 0.0,
    "tx_dropped": 0.0,
    "tx_rendered": 0.0,
    "tx_force_immediate": 0.0,
    "tx_render_cost_ema_ms": 0.0,
    "valve_deferred": 921.0,
    "valve_dropped": 150.0,
    "valve_rendered": 771.0,
    "valve_render_cost_ema_ms": 0.6894058203193936
  },
  "tx_dirty_counts": null,
  "tx_skip_ratio_pct_total": null
}
