{
  "run_condition": {
    "mock_mode": false,
    "port": "COM1",
    "channels": 5,
    "ratios": [
      20.0,
      40.0,
      60.0,
      80.0,
      100.0
    ],
    "sample_period_s": 0.032,
    "render_fps_cap": 60,
    "duration_s": 30.5,
    "diag_mode": "normal"
  },
  "metrics": {
    "avg_fps": 58.502546490275904,
    "low_1pct_fps": 36.33008752489358,
    "drop_pct": 31.77054605626034,
    "drop_below_40fps_pct": 0.9376723662437948,
    "drop_below_30fps_pct": 0.0,
    "drop_below_40fps_threshold_ms": 25.0,
    "drop_below_30fps_threshold_ms": 33.333333333333336,
    "drop_threshold_ms": 17.5,
    "p999_ms": 31.56110004056245,
    "p9999_ms": 33.20150001673028,
    "worst_ms": 33.20150001673028,
    "frame_samples": 1813
  },
  "render_metrics": {
    "avg_fps": 58.502546490275904,
    "low_1pct_fps": 36.33008752489358,
    "drop_pct": 31.77054605626034,
    "drop_below_40fps_pct": 0.9376723662437948,
    "drop_below_30fps_pct": 0.0,
    "drop_below_40fps_threshold_ms": 25.0,
    "drop_below_30fps_threshold_ms": 33.333333333333336,
    "drop_threshold_ms": 17.5,
    "p999_ms": 31.56110004056245,
    "p9999_ms": 33.20150001673028,
    "worst_ms": 33.20150001673028,
    "frame_samples": 1813
  },
  "data_frame_metrics": {
    "avg_fps": 29.605589111628063,
    "low_1pct_fps": 16.11772904945143,
    "drop_pct": 76.77208287895311,
    "drop_below_40fps_pct": 83.42420937840785,
    "drop_below_30fps_pct": 68.59323882224646,
    "drop_below_40fps_threshold_ms": 25.0,
    "drop_below_30fps_threshold_ms": 33.333333333333336,
    "drop_threshold_ms": 32.5,
    "p999_ms": 67.38560000667349,
    "p9999_ms": 67.38560000667349,
    "worst_ms": 67.38560000667349,
    "frame_samples": 917
  },
  "setdata_counts": {
    "tx": [
      918,
      918,
      918,
      918,
      918,
      0
    ],
    "rx": [
      918,
      918,
      918,
      918,
      918,
      0
    ],
    "valve": [
      756,
      756,
      756,
      756,
      756,
      0
    ]
  },
  "channel_sync_skew": {
    "tx": 0,
    "rx": 0,
    "valve": 0
  },
  "load_shed_counters": {
    "tx_deferred": 0.0,
    "tx_dropped": 0.0,
    "tx_rendered": 0.0,
    "tx_force_immediate": 0.0,
    "tx_render_cost_ema_ms": 0.0,
    "valve_deferred": 918.0,
    "valve_dropped": 161.0,
    "valve_rendered": 756.0,
    "valve_render_cost_ema_ms": 0.5775719548785037
  },
  "tx_dirty_counts": null,
  "tx_skip_ratio_pct_total": null
}
