{
  "run_condition": {
    "mock_mode": false,
    "port": "COM1",
    "channels": 5,
    "ratios": [
      20.0,
      40.0,
      60.0,
      80.0,
      100.0
    ],
    "sample_period_s": 0.032,
    "render_fps_cap": 60,
    "duration_s": 30.5,
    "diag_mode": "normal"
  },
  "metrics": {
    "avg_fps": 58.41285567691503,
    "low_1pct_fps": 34.15803412657249,
    "drop_pct": 30.956329463792148,
    "drop_below_40fps_pct": 1.4372581536760642,
    "drop_below_30fps_pct": 0.11055831951354339,
    "drop_below_40fps_threshold_ms": 25.0,
    "drop_below_30fps_threshold_ms": 33.333333333333336,
    "drop_threshold_ms": 17.5,
    "p999_ms": 35.81189998658374,
    "p9999_ms": 36.39819996897131,
    "worst_ms": 36.39819996897131,
    "frame_samples": 1809
  },
  "render_metrics": {
    "avg_fps": 58.41285567691503,
    "low_1pct_fps": 34.15803412657249,
    "drop_pct": 30.956329463792148,
    "drop_below_40fps_pct": 1.4372581536760642,
    "drop_below_30fps_pct": 0.11055831951354339,
    "drop_below_40fps_threshold_ms": 25.0,
    "drop_below_30fps_threshold_ms": 33.333333333333336,
    "drop_threshold_ms": 17.5,
    "p999_ms": 35.81189998658374,
    "p9999_ms": 36.39819996897131,
    "worst_ms": 36.39819996897131,
    "frame_samples": 1809
  },
  "data_frame_metrics": {
    "avg_fps": 29.59366100679722,
    "low_1pct_fps": 15.663664778128535,
    "drop_pct": 74.89082969432314,
    "drop_below_40fps_pct": 83.1877729257642,
    "drop_below_30fps_pct": 66.48471615720524,
    "drop_below_40fps_threshold_ms": 25.0,
    "drop_below_30fps_threshold_ms": 33.333333333333336,
    "drop_threshold_ms": 32.5,
    "p999_ms": 68.71700001647696,
    "p9999_ms": 68.71700001647696,
    "worst_ms": 68.71700001647696,
    "frame_samples": 916
  },
  "setdata_counts": {
    "tx": [
      917,
      917,
      917,
      917,
      917,
      0
    ],
    "rx": [
      917,
      917,
      917,
      917,
      917,
      0
    ],
    "valve": [
      750,
      750,
      750,
      750,
      750,
      0
    ]
  },
  "channel_sync_skew": {
    "tx": 0,
    "rx": 0,
    "valve": 0
  },
  "load_shed_counters": {
    "tx_deferred": 0.0,
    "tx_dropped": 0.0,
    "tx_rendered": 0.0,
    "tx_force_immediate": 0.0,
    "tx_render_cost_ema_ms": 0.0,
    "valve_deferred": 917.0,
    "valve_dropped": 167.0,
    "valve_rendered": 750.0,
    "valve_render_cost_ema_ms": 0.4854550140877028
  },
  "tx_dirty_counts": null,
  "tx_skip_ratio_pct_total": null
}
