{
  "run_condition": {
    "mock_mode": false,
    "port": "COM1",
    "channels": 5,
    "ratios": [
      20.0,
      40.0,
      60.0,
      80.0,
      100.0
    ],
    "sample_period_s": 0.032,
    "render_fps_cap": 60,
    "duration_s": 30.5,
    "diag_mode": "normal"
  },
  "metrics": {
    "avg_fps": 58.56686078501139,
    "low_1pct_fps": 36.29470768100351,
    "drop_pct": 32.61707988980716,
    "drop_below_40fps_pct": 0.8264462809917356,
    "drop_below_30fps_pct": 0.055096418732782364,
    "drop_below_40fps_threshold_ms": 25.0,
    "drop_below_30fps_threshold_ms": 33.333333333333336,
    "drop_threshold_ms": 17.5,
    "p999_ms": 30.995899986010045,
    "p9999_ms": 36.678000004030764,
    "worst_ms": 36.678000004030764,
    "frame_samples": 1815
  },
  "render_metrics": {
    "avg_fps": 58.56686078501139,
    "low_1pct_fps": 36.29470768100351,
    "drop_pct": 32.61707988980716,
    "drop_below_40fps_pct": 0.8264462809917356,
    "drop_below_30fps_pct": 0.055096418732782364,
    "drop_below_40fps_threshold_ms": 25.0,
    "drop_below_30fps_threshold_ms": 33.333333333333336,
    "drop_threshold_ms": 17.5,
    "p999_ms": 30.995899986010045,
    "p9999_ms": 36.678000004030764,
    "worst_ms": 36.678000004030764,
    "frame_samples": 1815
  },
  "data_frame_metrics": {
    "avg_fps": 29.621755475748326,
    "low_1pct_fps": 17.990843746499895,
    "drop_pct": 76.88113413304252,
    "drop_below_40fps_pct": 84.51472191930208,
    "drop_below_30fps_pct": 67.93893129770993,
    "drop_below_40fps_threshold_ms": 25.0,
    "drop_below_30fps_threshold_ms": 33.333333333333336,
    "drop_threshold_ms": 32.5,
    "p999_ms": 66.70969998231158,
    "p9999_ms": 66.70969998231158,
    "worst_ms": 66.70969998231158,
    "frame_samples": 917
  },
  "setdata_counts": {
    "tx": [
      918,
      918,
      918,
      918,
      918,
      0
    ],
    "rx": [
      918,
      918,
      918,
      918,
      918,
      0
    ],
    "valve": [
      771,
      771,
      771,
      771,
      771,
      0
    ]
  },
  "channel_sync_skew": {
    "tx": 0,
    "rx": 0,
    "valve": 0
  },
  "load_shed_counters": {
    "tx_deferred": 0.0,
    "tx_dropped": 0.0,
    "tx_rendered": 0.0,
    "tx_force_immediate": 0.0,
    "tx_render_cost_ema_ms": 0.0,
    "valve_deferred": 918.0,
    "valve_dropped": 148.0,
    "valve_rendered": 771.0,
    "valve_render_cost_ema_ms": 0.4720315150936233
  },
  "tx_dirty_counts": null,
  "tx_skip_ratio_pct_total": null
}
