{
  "run_condition": {
    "mock_mode": false,
    "port": "COM1",
    "channels": 5,
    "ratios": [
      20.0,
      40.0,
      60.0,
      80.0,
      100.0
    ],
    "sample_period_s": 0.032,
    "render_fps_cap": 60,
    "duration_s": 30.5,
    "diag_mode": "normal"
  },
  "metrics": {
    "avg_fps": 52.461187728235785,
    "low_1pct_fps": 8.57391572736823,
    "drop_pct": 36.06153846153846,
    "drop_below_40fps_pct": 12.36923076923077,
    "drop_below_30fps_pct": 3.6307692307692303,
    "drop_below_40fps_threshold_ms": 25.0,
    "drop_below_30fps_threshold_ms": 33.333333333333336,
    "drop_threshold_ms": 17.5,
    "p999_ms": 181.3450999907218,
    "p9999_ms": 318.4539999929257,
    "worst_ms": 318.4539999929257,
    "frame_samples": 1625
  },
  "render_metrics": {
    "avg_fps": 52.461187728235785,
    "low_1pct_fps": 8.57391572736823,
    "drop_pct": 36.06153846153846,
    "drop_below_40fps_pct": 12.36923076923077,
    "drop_below_30fps_pct": 3.6307692307692303,
    "drop_below_40fps_threshold_ms": 25.0,
    "drop_below_30fps_threshold_ms": 33.333333333333336,
    "drop_threshold_ms": 17.5,
    "p999_ms": 181.3450999907218,
    "p9999_ms": 318.4539999929257,
    "worst_ms": 318.4539999929257,
    "frame_samples": 1625
  },
  "data_frame_metrics": {
    "avg_fps": 27.279817618682607,
    "low_1pct_fps": 5.086795712476254,
    "drop_pct": 52.42603550295858,
    "drop_below_40fps_pct": 78.34319526627219,
    "drop_below_30fps_pct": 48.40236686390533,
    "drop_below_40fps_threshold_ms": 25.0,
    "drop_below_30fps_threshold_ms": 33.333333333333336,
    "drop_threshold_ms": 32.5,
    "p999_ms": 414.5649999845773,
    "p9999_ms": 414.5649999845773,
    "worst_ms": 414.5649999845773,
    "frame_samples": 845
  },
  "setdata_counts": {
    "tx": [
      846,
      846,
      846,
      846,
      846,
      0
    ],
    "rx": [
      846,
      846,
      846,
      846,
      846,
      0
    ],
    "valve": [
      535,
      535,
      535,
      535,
      535,
      0
    ]
  },
  "channel_sync_skew": {
    "tx": 0,
    "rx": 0,
    "valve": 0
  },
  "load_shed_counters": {
    "tx_deferred": 0.0,
    "tx_dropped": 0.0,
    "tx_rendered": 0.0,
    "tx_force_immediate": 0.0,
    "tx_render_cost_ema_ms": 0.0,
    "valve_deferred": 955.0,
    "valve_dropped": 308.0,
    "valve_rendered": 535.0,
    "valve_render_cost_ema_ms": 21.37420249620625
  },
  "tx_dirty_counts": null,
  "tx_skip_ratio_pct_total": null
}
