{
  "run_condition": {
    "mock_mode": false,
    "port": "COM1",
    "channels": 5,
    "ratios": [
      20.0,
      40.0,
      60.0,
      80.0,
      100.0
    ],
    "sample_period_s": 0.032,
    "render_fps_cap": 60,
    "duration_s": 30.5,
    "diag_mode": "normal"
  },
  "metrics": {
    "avg_fps": 58.53127258298278,
    "low_1pct_fps": 34.848708003602646,
    "drop_pct": 30.705622932745314,
    "drop_below_40fps_pct": 0.8820286659316428,
    "drop_below_30fps_pct": 0.16538037486218302,
    "drop_below_40fps_threshold_ms": 25.0,
    "drop_below_30fps_threshold_ms": 33.333333333333336,
    "drop_threshold_ms": 17.5,
    "p999_ms": 34.601899969857186,
    "p9999_ms": 42.866499978117645,
    "worst_ms": 42.866499978117645,
    "frame_samples": 1814
  },
  "render_metrics": {
    "avg_fps": 58.53127258298278,
    "low_1pct_fps": 34.848708003602646,
    "drop_pct": 30.705622932745314,
    "drop_below_40fps_pct": 0.8820286659316428,
    "drop_below_30fps_pct": 0.16538037486218302,
    "drop_below_40fps_threshold_ms": 25.0,
    "drop_below_30fps_threshold_ms": 33.333333333333336,
    "drop_threshold_ms": 17.5,
    "p999_ms": 34.601899969857186,
    "p9999_ms": 42.866499978117645,
    "worst_ms": 42.866499978117645,
    "frame_samples": 1814
  },
  "data_frame_metrics": {
    "avg_fps": 29.718453348986625,
    "low_1pct_fps": 17.518396505235934,
    "drop_pct": 76.73913043478261,
    "drop_below_40fps_pct": 81.73913043478261,
    "drop_below_30fps_pct": 70.1086956521739,
    "drop_below_40fps_threshold_ms": 25.0,
    "drop_below_30fps_threshold_ms": 33.333333333333336,
    "drop_threshold_ms": 32.5,
    "p999_ms": 67.72369996178895,
    "p9999_ms": 67.72369996178895,
    "worst_ms": 67.72369996178895,
    "frame_samples": 920
  },
  "setdata_counts": {
    "tx": [
      921,
      921,
      921,
      921,
      921,
      0
    ],
    "rx": [
      921,
      921,
      921,
      921,
      921,
      0
    ],
    "valve": [
      365,
      365,
      365,
      365,
      365,
      0
    ]
  },
  "channel_sync_skew": {
    "tx": 0,
    "rx": 0,
    "valve": 0
  },
  "load_shed_counters": {
    "tx_deferred": 0.0,
    "tx_dropped": 0.0,
    "tx_rendered": 0.0,
    "tx_force_immediate": 0.0,
    "tx_render_cost_ema_ms": 0.0,
    "valve_deferred": 461.0,
    "valve_dropped": 96.0,
    "valve_rendered": 365.0,
    "valve_render_cost_ema_ms": 0.4452647841612116
  },
  "tx_dirty_counts": null,
  "tx_skip_ratio_pct_total": null
}
